00037f39,DMG
000f21ac,CLEAN
00328ce5,CLEAN
0038263c,DMG
0087cf99,DMG
00bebc5b,CLEAN
011af72a,CLEAN
01299ac6,CLEAN
01b23136,DMG
01ce4b29,CLEAN
01d54579,CLEAN
01d77b0b,DMG
023849c3,CLEAN
0252b081,DMG
025ca19d,DMG
02837c19,CLEAN
02abf8fa,DMG
02c000a3,CLEAN
02cca380,CLEAN
02d20bbd,CLEAN
02e6295d,CLEAN
02ede7e8,DMG
02f99d20,CLEAN
031b4af5,CLEAN
03a3d955,CLEAN
03ac6742,DMG
040fe555,DMG
04222ea3,CLEAN
043066da,CLEAN
04a8708c,CLEAN
04ad22d7,DMG
04d19fde,CLEAN
04edd1d7,CLEAN
050a010c,CLEAN
0546542b,DMG
055f7894,DMG
058d5d43,CLEAN
0594f046,DMG
05ada863,CLEAN
0604cd31,CLEAN
062f5075,CLEAN
064c3e31,CLEAN
065f4fa6,DMG
06881487,CLEAN
06b2d828,CLEAN
06de973b,CLEAN
06ec44cc,DMG
0788979f,CLEAN
0791963c,CLEAN
07bed92a,CLEAN
07e46896,CLEAN
07e9bba1,DMG
08490295,CLEAN
084917af,CLEAN
084ae23e,DMG
085b2a38,CLEAN
085bcb59,CLEAN
089ee14b,CLEAN
090d3859,CLEAN
093434a3,CLEAN
095eaa09,DMG
096012b7,CLEAN
09895de0,CLEAN
09a1b036,CLEAN
09eac95e,CLEAN
0a1f1256,CLEAN
0a2d643b,CLEAN
0a5b046d,CLEAN
0aa598c7,CLEAN
0af7d715,DMG
0b06d2ff,CLEAN
0b0fc3be,CLEAN
0b35b06a,CLEAN
0b36980a,DMG
0b918943,CLEAN
0bba869d,CLEAN
0c0ad593,DMG
0c1a70e4,DMG
0c1c4311,DMG
0c62cc42,DMG
0c658eb5,CLEAN
0c86f2df,DMG
0cce0bd3,CLEAN
0d21ae12,DMG
0d6f9709,CLEAN
0d866ba9,DMG
0d9653b9,DMG
0df5486b,CLEAN
0dfcddb0,CLEAN
0e0c8d9c,DMG
0e12831a,CLEAN
0e17daca,CLEAN
0e652381,CLEAN
0e680179,DMG
0e784378,CLEAN
0eaa69a1,DMG
0ebb3519,CLEAN
0ef96221,CLEAN
0f0b82fa,DMG
0f2cb441,DMG
0f4121d0,CLEAN
0f47caa1,DMG
0f785409,CLEAN
0f8ef337,CLEAN
0fbc9039,CLEAN
0fd42b3f,CLEAN
0fe39b99,DMG
0fecf924,CLEAN
0ffe1abd,DMG
102624ac,CLEAN
1038e0b7,CLEAN
10716564,CLEAN
1086d355,CLEAN
108c995b,CLEAN
1090b9e9,DMG
10ba045e,CLEAN
10e35e8e,DMG
10e4e7ca,CLEAN
11382b8d,DMG
114bd151,CLEAN
1158e7e1,CLEAN
11701944,DMG
118a91dd,DMG
11bde34a,DMG
11f8e31c,CLEAN
12051e99,DMG
12132cd6,CLEAN
1253e937,CLEAN
12b637dd,DMG
12bdc9ee,CLEAN
12e2c8df,CLEAN
12e967ca,CLEAN
12f26af0,CLEAN
130790fe,CLEAN
131b0c35,CLEAN
1326c6c4,DMG
13671077,CLEAN
138d9e80,CLEAN
14063697,CLEAN
146c09db,DMG
15197cf7,DMG
155d1cf6,CLEAN
156091ee,CLEAN
15a26c6f,CLEAN
162753c2,CLEAN
16594094,DMG
16a3e9e9,DMG
16b30490,CLEAN
16badfc6,CLEAN
16c6411a,DMG
16dc368a,CLEAN
16e18ac9,DMG
1706be6c,CLEAN
172e1676,CLEAN
182dc6b9,CLEAN
188c1fdc,CLEAN
18959bb5,DMG
18beb481,CLEAN
18d37c95,CLEAN
19581e27,CLEAN
19d0b0d4,DMG
19e68d9f,CLEAN
1a08785d,DMG
1a1cf797,CLEAN
1a42d526,CLEAN
1a565949,CLEAN
1a656259,CLEAN
1a6d9c97,CLEAN
1ad269a7,CLEAN
1b3c3358,CLEAN
1bde41ce,CLEAN
1be00341,CLEAN
1bee34b6,CLEAN
1c00e16c,DMG
1c053d39,DMG
1c0e147e,DMG
1c49f22f,CLEAN
1c63ed91,CLEAN
1c6c0bb2,CLEAN
1c8dcc51,CLEAN
1cfafff6,DMG
1d0ebea5,CLEAN
1d2028dd,CLEAN
1d28c120,CLEAN
1da51b8d,CLEAN
1de4842b,CLEAN
1de4d95a,CLEAN
1dfacb2e,CLEAN
1e472b39,CLEAN
1e5ee5e5,CLEAN
1e656185,DMG
1e68ed4e,CLEAN
1f09802c,CLEAN
1f594da9,CLEAN
1ff7b91c,DMG
200dd69b,CLEAN
2099a9b5,CLEAN
209eb5f2,CLEAN
20ca9816,CLEAN
20e9c64c,CLEAN
210e3b16,CLEAN
216da54b,DMG
21900f41,CLEAN
219de138,CLEAN
21eb478c,CLEAN
21ef7793,CLEAN
226f76b5,CLEAN
227445a9,CLEAN
2289b221,CLEAN
22a2fa7d,DMG
22b95445,DMG
22cdd352,CLEAN
2315bd64,DMG
234666d7,CLEAN
235aa062,DMG
236b565a,CLEAN
2397346b,CLEAN
23b0cc71,DMG
23c5910b,CLEAN
23c657f2,CLEAN
23e8b017,CLEAN
2452984f,CLEAN
248aa2bd,DMG
2499d690,CLEAN
24be8ee7,CLEAN
24fd7e27,DMG
257ad493,DMG
25b7c81e,CLEAN
25dac95b,CLEAN
25fc0e70,CLEAN
2618182c,CLEAN
26c151f9,DMG
26d22866,CLEAN
2747b7c7,CLEAN
27489736,DMG
277375b9,DMG
2782526e,CLEAN
27badc98,CLEAN
27bb63ed,DMG
27cf14df,DMG
27d719c7,CLEAN
27e16152,CLEAN
28096b23,CLEAN
2811745d,CLEAN
284b7e6d,CLEAN
284de502,CLEAN
2858dcd1,CLEAN
285b7192,DMG
28955b1f,CLEAN
28995a2c,DMG
28ac5934,CLEAN
28dae7c8,CLEAN
28dbec0e,DMG
28fdc24c,DMG
290a0b92,CLEAN
29864769,DMG
29db0c67,CLEAN
2a1d1388,DMG
2a3d253e,DMG
2ab0ce76,CLEAN
2abaca49,CLEAN
2ac878b0,CLEAN
2ace3763,DMG
2adf89af,DMG
2af4dd48,CLEAN
2b0ebe24,DMG
2b36364b,DMG
2b4da942,CLEAN
2b9449f3,CLEAN
2c17079b,DMG
2c29bd82,DMG
2c3f699f,CLEAN
2c4cf657,CLEAN
2c58b3a6,DMG
2c624232,CLEAN
2c69bc9b,CLEAN
2c7d5490,CLEAN
2c8b871e,DMG
2cec8cf0,DMG
2cfc8ccb,CLEAN
2cfd4b16,CLEAN
2d100798,CLEAN
2d86377d,CLEAN
2dfe70c4,CLEAN
2e00b312,CLEAN
2e2f4263,DMG
2ec42bc1,DMG
2ecefe59,DMG
2ee1a4c2,DMG
2f1987bf,DMG
2f1d593c,CLEAN
2f74d62c,CLEAN
2f840356,CLEAN
2fca346d,CLEAN
2ff2a721,DMG
3033cf66,CLEAN
3038bfb5,CLEAN
303c8bd5,CLEAN
3055e0d8,CLEAN
3068430d,CLEAN
30883104,CLEAN
3097fc80,CLEAN
30e26cef,CLEAN
30e4c022,CLEAN
30eec89d,CLEAN
310ced37,DMG
313c938e,CLEAN
3141d9c7,DMG
31489056,CLEAN
314f04b3,CLEAN
316c0f93,CLEAN
32396038,DMG
32718321,DMG
3292bef4,CLEAN
32eb1a8d,DMG
330e14d4,DMG
3324dab8,DMG
3346f2bb,CLEAN
33512007,CLEAN
337b0274,DMG
339d9d13,CLEAN
33bf4329,DMG
33eb7e4a,CLEAN
340ab11d,DMG
3485da2e,DMG
349c4120,CLEAN
34be1021,DMG
34e2ad7b,CLEAN
35135aaa,CLEAN
35254aa9,CLEAN
353767b2,CLEAN
3538a1ef,CLEAN
355d8c0e,CLEAN
35a9e381,CLEAN
35bbce40,CLEAN
35c71bd7,CLEAN
35ca4671,DMG
3635a91e,CLEAN
3658d7fa,CLEAN
367461e6,CLEAN
36790ecd,CLEAN
369b906a,DMG
36ab771e,DMG
36c1cc2f,CLEAN
36d144ea,DMG
36ebe205,CLEAN
377adeb4,CLEAN
37834f2f,CLEAN
37b1267a,DMG
37b73510,CLEAN
37c20f19,CLEAN
3837e1aa,CLEAN
38879b63,CLEAN
388c2eaf,CLEAN
38b2d03f,CLEAN
38b83cae,CLEAN
38c02f46,DMG
38d66d96,CLEAN
392a52e4,CLEAN
3949ac15,CLEAN
3958de59,DMG
3963317a,CLEAN
396f8044,CLEAN
39700d45,CLEAN
39bb88f4,CLEAN
39e18a49,CLEAN
39fa9ec1,CLEAN
3a047b4a,DMG
3a1dfb05,CLEAN
3a8f6d79,CLEAN
3aa82834,DMG
3ac84a05,DMG
3ada92f2,CLEAN
3b225240,DMG
3b474927,DMG
3b86df3f,CLEAN
3bad45f2,DMG
3bcc1340,CLEAN
3bd625f0,CLEAN
3c15285c,CLEAN
3c1b7053,CLEAN
3c2308b1,CLEAN
3c4ee858,DMG
3c617528,DMG
3cb65cad,CLEAN
3d3286f7,CLEAN
3d34f102,CLEAN
3d734d72,CLEAN
3d914f93,CLEAN
3da6ee66,CLEAN
3daebbc6,CLEAN
3dd9c099,DMG
3de83925,CLEAN
3e1e967e,CLEAN
3e34b5dc,DMG
3e6ce227,DMG
3e6fadf8,DMG
3ef58410,DMG
3f1bb7c0,CLEAN
3f9807cb,CLEAN
3f9eb849,DMG
3fdba35f,CLEAN
400b6fea,DMG
40207240,DMG
40367c3c,DMG
40510175,CLEAN
40794500,DMG
40962624,CLEAN
4099ed5b,CLEAN
40a7ae9a,CLEAN
40dd2b01,DMG
40f8d6d2,CLEAN
40fb7164,CLEAN
4103f0a4,DMG
41966e55,DMG
41cfc0d1,CLEAN
41e521ad,CLEAN
421c0a7b,CLEAN
4299da74,CLEAN
42c60249,CLEAN
42f0bec3,CLEAN
42f25ade,CLEAN
434c9b5a,CLEAN
434dbd07,DMG
43974ed7,CLEAN
43c727ee,CLEAN
43d24458,CLEAN
43f64dc7,CLEAN
44c8031c,CLEAN
44cb730c,CLEAN
4523540f,CLEAN
45297c63,DMG
454f63ac,CLEAN
455ae2df,CLEAN
4579e127,DMG
459535fa,CLEAN
4621c1d5,CLEAN
462b0167,DMG
462c39f8,CLEAN
46372791,DMG
46437ab1,DMG
4652614c,CLEAN
4654d793,DMG
46d4c7c3,CLEAN
46db1ca7,CLEAN
46f9d228,CLEAN
4739ee3b,DMG
4753e699,DMG
4771bef2,CLEAN
4779bc40,CLEAN
477d8dff,CLEAN
477f4b2c,CLEAN
478c4ffb,DMG
479f16c2,DMG
47c5fbf5,DMG
47f6c8c4,DMG
47fec9f4,CLEAN
480f5a49,CLEAN
482d9673,CLEAN
48449a14,CLEAN
485d997d,DMG
48a1706e,CLEAN
48a1a756,CLEAN
48b361d4,CLEAN
48ce32e8,CLEAN
48d30074,DMG
48e1ff78,DMG
48f89b63,CLEAN
497e671d,DMG
49d180ec,CLEAN
4a12e183,DMG
4a30a219,CLEAN
4a44dc15,CLEAN
4a8596a7,CLEAN
4aec429a,DMG
4b227777,CLEAN
4b8ba4b1,CLEAN
4be84111,CLEAN
4c15f47a,CLEAN
4c8d5b6c,CLEAN
4c970004,CLEAN
4cc3d9cb,CLEAN
4cd46850,DMG
4cf3ab13,DMG
4d0198f4,CLEAN
4d5e5deb,CLEAN
4e074085,CLEAN
4e47eb55,CLEAN
4ec24a2d,CLEAN
4ec9599f,CLEAN
4eef24c6,CLEAN
4f95c3cf,DMG
4f97f2ee,CLEAN
4fc82b26,CLEAN
501a4e61,CLEAN
5088c1bc,CLEAN
5092c37b,CLEAN
509694b0,CLEAN
50e9a866,DMG
51054b8a,CLEAN
5109a4e1,CLEAN
51cfe394,CLEAN
51d089cd,CLEAN
51e1424e,DMG
51e8ea28,CLEAN
524148f2,CLEAN
524b2d27,CLEAN
52558cb5,DMG
5283f1b4,CLEAN
52a6eb68,DMG
52efd2aa,CLEAN
52f11620,CLEAN
52f14fc3,CLEAN
5316ca1c,CLEAN
533eb9a8,CLEAN
5344c411,CLEAN
535fa30d,CLEAN
53d2dd25,DMG
53f4041b,DMG
54006483,CLEAN
5426d2ca,CLEAN
542cacae,DMG
5480ab85,CLEAN
549a2fac,CLEAN
55001852,DMG
5538e771,CLEAN
556d7dc3,CLEAN
556ea1b2,DMG
55c8079a,CLEAN
55e8ab09,CLEAN
55f0124b,CLEAN
55fdec96,DMG
56022966,DMG
560aa3e6,CLEAN
5620e84b,CLEAN
5626696e,DMG
5627b4a8,CLEAN
5631e5ef,DMG
5658b888,CLEAN
56626ff4,DMG
56cc29ce,DMG
56f4da26,CLEAN
57c03210,DMG
57fb0303,DMG
58070c52,DMG
580811fa,CLEAN
5817ae49,DMG
582c0168,DMG
5844a72a,CLEAN
585579ae,DMG
587a4905,DMG
589302a3,DMG
58eb0dd9,DMG
58fba35a,DMG
5904c930,CLEAN
5966abd0,CLEAN
59a6d328,DMG
59b524f8,CLEAN
59c4d028,DMG
59e19706,CLEAN
5a39cadd,CLEAN
5b4afb8d,CLEAN
5b60f221,CLEAN
5b64147d,DMG
5b7c4e75,CLEAN
5c17cac5,CLEAN
5c344ba7,CLEAN
5c3e9040,CLEAN
5cf4e26b,CLEAN
5d389f5e,CLEAN
5d6e5dac,DMG
5d85be4c,CLEAN
5d8f6cce,CLEAN
5d9e09b0,DMG
5dad6478,CLEAN
5db1fee4,DMG
5de664ef,CLEAN
5e5c743a,CLEAN
5e61b431,CLEAN
5e74cb2a,CLEAN
5e968ce4,CLEAN
5ec1a0c9,CLEAN
5ef6514e,CLEAN
5ef6fdf3,CLEAN
5f0fbfc1,DMG
5f128c83,CLEAN
5f193b35,CLEAN
5f2703a5,CLEAN
5f302d14,DMG
5f9c4ab0,CLEAN
5fbc314f,CLEAN
600b4cdf,CLEAN
6028e2a8,DMG
60f070e3,CLEAN
60f256c7,DMG
61182f39,CLEAN
612111a3,CLEAN
6165d33e,CLEAN
61a229ba,CLEAN
61ab550f,DMG
61dbec1d,DMG
6208ef0f,CLEAN
620c9c33,CLEAN
621cb5d0,CLEAN
624b60c5,CLEAN
62a0eae9,CLEAN
62bfa285,CLEAN
62e66f3e,CLEAN
62f6d46c,CLEAN
62f77e7d,CLEAN
63d942da,DMG
63db0204,CLEAN
63ecbfa3,DMG
63fd44ee,DMG
6495da52,DMG
64c212df,CLEAN
64d095f2,CLEAN
64d94c86,CLEAN
6566230e,CLEAN
65a69990,CLEAN
6629ddae,DMG
665cb02a,DMG
66c2e6dd,DMG
670671cd,CLEAN
6711597a,DMG
6719009a,DMG
677fe64a,CLEAN
679b3fe5,DMG
67b75961,DMG
67c31233,CLEAN
67d1514f,DMG
67e0bdb7,CLEAN
67e9c3ac,CLEAN
67eab6db,CLEAN
683d0982,CLEAN
684fe39f,CLEAN
68519a9e,CLEAN
68ac846d,DMG
68c6c6e9,CLEAN
68d49968,DMG
68e1e435,CLEAN
68e476b5,CLEAN
68f10bf0,CLEAN
68fcd1eb,CLEAN
6953c2a8,CLEAN
69f59c27,CLEAN
6a97982d,CLEAN
6aac0cf8,CLEAN
6ad4a6b1,DMG
6af1f692,CLEAN
6affdae3,CLEAN
6b3c238e,CLEAN
6b51d431,CLEAN
6b6803d3,DMG
6b86b273,CLEAN
6bcaea98,CLEAN
6bd44ccb,DMG
6c0f3412,CLEAN
6c658ee8,CLEAN
6cb6d4b2,CLEAN
6cc6eefb,DMG
6d05621a,CLEAN
6d094db4,CLEAN
6d62aa4b,DMG
6d6ae523,DMG
6d6e1059,DMG
6d976934,CLEAN
6db44caa,DMG
6db6eb4a,CLEAN
6dfb9763,DMG
6e2d4d3a,CLEAN
6e400187,CLEAN
6e82b819,CLEAN
6e8d1a94,CLEAN
6ea2fdb3,CLEAN
6ecf763f,DMG
6f13d39f,DMG
6f42ae6a,DMG
6f4b6612,CLEAN
6f81082b,CLEAN
6f90a5a0,CLEAN
6fa0b901,DMG
6fc8f95b,CLEAN
6fdd9b07,DMG
6fef307f,DMG
6ffbae9a,CLEAN
70260742,CLEAN
7045d16a,CLEAN
709df012,CLEAN
70d43270,CLEAN
7104741a,CLEAN
7123d367,DMG
7125e777,CLEAN
712dca40,DMG
71812781,CLEAN
7182dd43,CLEAN
71a1c003,CLEAN
71af0fdd,DMG
71ee45a3,CLEAN
724213d9,CLEAN
72440a20,CLEAN
726ec906,DMG
72805ff7,CLEAN
728bf33a,CLEAN
72933e3b,CLEAN
72ba187b,CLEAN
73401dfc,DMG
73475cb4,CLEAN
734d0759,CLEAN
736e537f,DMG
7377a716,DMG
737c6b97,DMG
73c2e083,CLEAN
73d3f1ba,CLEAN
73daa928,CLEAN
74332c78,CLEAN
748064be,CLEAN
749fc650,CLEAN
74bbcf77,DMG
74de057f,CLEAN
74e9f3d8,DMG
7559ca4a,CLEAN
757b6b66,DMG
7595dae9,CLEAN
75992a5a,DMG
759b87b8,CLEAN
75c3e223,CLEAN
75f7313c,CLEAN
7611f1a5,DMG
766cb53c,CLEAN
7688b6ef,CLEAN
768b84ef,CLEAN
769e881d,CLEAN
76a50887,CLEAN
76ba652c,CLEAN
76bf061a,DMG
76ebdb6d,CLEAN
77523aa0,DMG
785f3ec7,CLEAN
788181d3,DMG
78c0781a,DMG
7902699b,CLEAN
79373357,CLEAN
793a84a3,DMG
7987e36c,DMG
79bf0868,CLEAN
79d6eaa2,CLEAN
7a20311c,CLEAN
7a5df5ff,DMG
7a61b537,CLEAN
7a84ae24,CLEAN
7a99d42d,DMG
7a9b1b9d,CLEAN
7ac25d5d,DMG
7acc684a,CLEAN
7b0838c2,DMG
7b1a278f,CLEAN
7b2c21ea,CLEAN
7b4f6f46,DMG
7b697596,CLEAN
7b81eb72,CLEAN
7ba7d31b,DMG
7c252ab3,CLEAN
7c3d9000,CLEAN
7c4e3e51,CLEAN
7cb676d5,CLEAN
7cbc1f69,DMG
7d7179c1,DMG
7d86b48a,DMG
7deef068,DMG
7e07ae1a,CLEAN
7ec62885,DMG
7ed8f0f3,CLEAN
7f0a2211,CLEAN
7f2253d7,CLEAN
7f3ee9fe,CLEAN
7f5642cd,CLEAN
7f861bce,DMG
7f940130,DMG
7fc81a57,CLEAN
7ffc2066,CLEAN
802b906a,CLEAN
809e63d5,CLEAN
80b6b4d2,DMG
80c39b8c,CLEAN
80c3cd40,CLEAN
8111eb15,CLEAN
811786ad,CLEAN
814bb6b8,CLEAN
814fd2e8,CLEAN
81a4373c,DMG
81b8a03f,CLEAN
81defd9e,CLEAN
81f27f8a,CLEAN
82416496,CLEAN
82607c98,CLEAN
826958d9,DMG
826e2728,CLEAN
828bb918,CLEAN
829f00a1,DMG
82a93b15,CLEAN
82c01ce1,CLEAN
83151157,CLEAN
833cd8c0,CLEAN
8352dd9e,DMG
835cc509,CLEAN
835d5e83,CLEAN
838f461c,CLEAN
83cf8b60,CLEAN
83eaf4dc,CLEAN
83f814f7,CLEAN
841a05fd,CLEAN
845aab77,DMG
84a5092e,CLEAN
84f01dd9,CLEAN
8527a891,CLEAN
8590ac06,CLEAN
85daaf6f,CLEAN
85e36899,CLEAN
85e63bcf,DMG
85ea151b,CLEAN
864995ea,CLEAN
865736a1,CLEAN
866cf6ce,DMG
86a3f9b1,CLEAN
86ab8cbe,CLEAN
86b700fa,CLEAN
86bc00bf,CLEAN
86cb35a8,DMG
86e50149,CLEAN
87226162,CLEAN
87a4a78e,CLEAN
87acb1e1,CLEAN
87c7965a,CLEAN
87e29676,CLEAN
87e50b28,CLEAN
88820462,CLEAN
88b54564,CLEAN
891d4699,CLEAN
8920a14a,CLEAN
89521154,CLEAN
89aa1e58,CLEAN
8a8b2d66,CLEAN
8a9a02d7,CLEAN
8acc2398,CLEAN
8ae4c23b,CLEAN
8b496bf9,CLEAN
8b5551ea,CLEAN
8b6cd7c4,CLEAN
8b7fb6ae,CLEAN
8b80f49e,CLEAN
8b8b2039,DMG
8b940be7,CLEAN
8ba36ede,DMG
8bcbb4c1,CLEAN
8bd9c0d4,CLEAN
8c004c94,CLEAN
8c144858,DMG
8c1f1046,CLEAN
8c244b37,DMG
8c40a6d2,DMG
8c454536,DMG
8c6c42f3,DMG
8c8f6b43,DMG
8c9a013a,DMG
8cd25102,CLEAN
8cf04f0d,DMG
8cfecd93,DMG
8d1ede4f,CLEAN
8d23cf6c,CLEAN
8d27ba37,CLEAN
8d30c678,DMG
8de143c7,DMG
8def3488,CLEAN
8df66f64,CLEAN
8dfd13f4,DMG
8e28c5eb,CLEAN
8e467609,CLEAN
8e612bd1,CLEAN
8e6aee9e,CLEAN
8ecb5bcd,DMG
8ede6b26,CLEAN
8ef532f4,CLEAN
8efbbe9b,CLEAN
8f1f64db,CLEAN
8f97d916,CLEAN
8fd23811,DMG
90b0ce46,CLEAN
90b5bc7f,CLEAN
90dbca35,DMG
9168e847,CLEAN
9197e484,CLEAN
91a73fd8,CLEAN
91d95f43,CLEAN
920c37d6,DMG
922c7954,CLEAN
926a7fc3,CLEAN
9284d61c,CLEAN
929335bd,DMG
929f0037,CLEAN
92a6a32f,CLEAN
92abb80a,DMG
92c5fd04,CLEAN
92f3c346,DMG
93411f44,CLEAN
93654b45,DMG
93c3755d,CLEAN
93f9c262,DMG
9400f1b2,CLEAN
941b7466,DMG
94c47d91,DMG
94f86079,CLEAN
9512d95d,CLEAN
9537f32e,CLEAN
95381568,CLEAN
95536279,DMG
9556b824,CLEAN
95fc6cd8,DMG
96061e92,CLEAN
9644294a,CLEAN
968076be,CLEAN
96b026df,DMG
96bb293a,CLEAN
96be2160,DMG
96da2f88,CLEAN
972fb81a,DMG
973d9487,DMG
97468f67,CLEAN
97623535,CLEAN
97a6d21d,CLEAN
98010bd9,CLEAN
98144d79,CLEAN
983bd614,CLEAN
9869a8a3,CLEAN
98964da4,CLEAN
98a3ab7c,CLEAN
98f1f17f,CLEAN
9989a375,DMG
998bae6a,DMG
99a0b871,CLEAN
99ee5022,CLEAN
9a049b03,CLEAN
9a20ae78,DMG
9a35532c,CLEAN
9a72c24f,CLEAN
9aaf689f,DMG
9ae2bdd7,CLEAN
9ae8f17c,CLEAN
9b09d7f6,CLEAN
9b15fed6,CLEAN
9b19f9ab,CLEAN
9b6c13f0,CLEAN
9b871512,CLEAN
9bdb2af6,CLEAN
9be3da43,CLEAN
9c19f29d,DMG
9c499c3d,DMG
9cfd3c75,CLEAN
9d551151,DMG
9d693eee,CLEAN
9d6aa3d8,CLEAN
9dacbde3,DMG
9dcbe7e3,CLEAN
9e04a49e,CLEAN
9e0bc0a9,DMG
9e11c362,CLEAN
9e468662,DMG
9e6a7255,CLEAN
9f006add,CLEAN
9f14025a,CLEAN
9f1f9dce,CLEAN
9f484139,CLEAN
9f699985,DMG
9f6cb78c,CLEAN
9fbb55aa,DMG
a037a7df,DMG
a0519893,CLEAN
a0a53112,DMG
a0d177b4,CLEAN
a0eaec5a,CLEAN
a0f8b2c4,CLEAN
a1271642,DMG
a13df121,DMG
a15faf6f,CLEAN
a183251a,DMG
a1bb364a,DMG
a1e8154b,CLEAN
a2075145,CLEAN
a2144767,DMG
a21855da,CLEAN
a2cc73de,CLEAN
a2cdc3e5,DMG
a30f4ef4,CLEAN
a3346b8b,DMG
a3676133,DMG
a39ff608,DMG
a3aaf5a0,CLEAN
a3ab7bba,DMG
a3af7b38,CLEAN
a3d0c757,DMG
a42e815c,CLEAN
a43231c2,CLEAN
a435270b,CLEAN
a440868c,CLEAN
a46e3763,CLEAN
a4786425,DMG
a4c6af0c,CLEAN
a4e00d7e,CLEAN
a4e987d1,CLEAN
a4ecdd70,CLEAN
a4ff3ad2,DMG
a512db27,CLEAN
a5a3f1cc,DMG
a5abb150,CLEAN
a5af16fb,CLEAN
a5bef651,DMG
a5ccb1c5,CLEAN
a61c5cdf,DMG
a665a459,CLEAN
a6706398,CLEAN
a68b412c,CLEAN
a6c2a232,CLEAN
a6f988d3,DMG
a73060af,DMG
a73531f8,DMG
a73ab888,CLEAN
a73b320d,CLEAN
a77b6cbd,CLEAN
a7ef9d05,DMG
a7f0b84d,CLEAN
a807c0dc,CLEAN
a829c72c,CLEAN
a8443b14,CLEAN
a88a7902,CLEAN
a8cee66e,CLEAN
a8fd7dc0,DMG
a917ca75,CLEAN
a9346b00,CLEAN
a934c244,CLEAN
a985bb36,DMG
a9b9bd8e,DMG
aa13fda4,DMG
aae02129,CLEAN
aaee0ce5,CLEAN
aaf01d71,CLEAN
aaf5060b,CLEAN
aaf57ee8,CLEAN
ab16ce32,CLEAN
ab5e292d,CLEAN
ab9828ca,DMG
abbb9233,CLEAN
abe6c583,DMG
ac1270c5,CLEAN
ac93f3a0,CLEAN
ad21a2b8,CLEAN
ad3b8357,CLEAN
ad48ff99,CLEAN
ad573668,CLEAN
ad5ef4b2,DMG
ad608cd8,DMG
ad723f42,CLEAN
ad8fa913,CLEAN
ae4def1e,DMG
ae600959,DMG
aea92132,CLEAN
aecef364,DMG
aedec0d0,DMG
aee4848a,CLEAN
af180e43,CLEAN
af5422f8,CLEAN
af6b495d,DMG
afa472a9,CLEAN
afbfb890,DMG
afccd937,CLEAN
afcf8bc0,CLEAN
afd679cd,DMG
afd7745e,DMG
b01672c3,DMG
b0193ceb,DMG
b027feeb,CLEAN
b064bdba,CLEAN
b0ab628c,DMG
b123f95a,CLEAN
b1556dea,CLEAN
b1585fdb,CLEAN
b17ef6d1,CLEAN
b1e92fe0,CLEAN
b22eb345,CLEAN
b2493a63,DMG
b24e3e21,DMG
b280279a,DMG
b281bc2c,DMG
b2cc86ae,CLEAN
b312d5fb,CLEAN
b32523d9,DMG
b3282a2f,DMG
b3396bcb,DMG
b3a8e0e1,CLEAN
b3b32ef8,DMG
b3dfdc6e,CLEAN
b41f1aff,DMG
b471aeea,CLEAN
b4944c6f,CLEAN
b4bbe448,CLEAN
b50d427a,CLEAN
b543b2a3,CLEAN
b572ebd3,DMG
b5a9ede9,CLEAN
b62764dc,DMG
b6602f58,DMG
b6b1b469,CLEAN
b6bc077d,CLEAN
b6cb2938,CLEAN
b7768fbb,DMG
b7a56873,CLEAN
b7c7470e,CLEAN
b7e30766,DMG
b8044b04,DMG
b81d00e6,DMG
b8aed072,CLEAN
b910260d,DMG
b967fb22,CLEAN
b9888088,CLEAN
b9dafef0,CLEAN
ba689abd,CLEAN
ba9c5622,CLEAN
bb4d3bd1,DMG
bb668ca9,CLEAN
bb9b8ef8,CLEAN
bba58959,CLEAN
bbb965ab,CLEAN
bc10b575,DMG
bc52dd63,CLEAN
bc57590a,CLEAN
bc8db39f,CLEAN
bcaf44f4,CLEAN
bcce03f6,DMG
bd3a797b,CLEAN
bd94717d,CLEAN
bda58405,CLEAN
bdc5d8a4,CLEAN
bdd2d3af,CLEAN
be1722b1,DMG
be47addb,CLEAN
be4b2f45,CLEAN
be6b5b71,CLEAN
bf31e612,CLEAN
bf7db3a1,CLEAN
bfa76346,CLEAN
bff3992c,CLEAN
c010bb0f,DMG
c032851e,CLEAN
c0509a48,CLEAN
c0aa4a0b,DMG
c0cc3b36,CLEAN
c0d2d188,CLEAN
c17edaae,CLEAN
c18a8ad7,DMG
c2077253,CLEAN
c22e1a4a,CLEAN
c2356069,CLEAN
c24cf8d3,CLEAN
c2847461,DMG
c2a181d8,CLEAN
c2a82454,DMG
c2c2cbd7,DMG
c32ffef1,CLEAN
c399e927,DMG
c3ea99f8,CLEAN
c403741c,CLEAN
c47affb7,DMG
c498f3fe,CLEAN
c49b6083,CLEAN
c4da2d0f,DMG
c4ed8e89,CLEAN
c57727d6,CLEAN
c62510af,CLEAN
c62ce8b4,CLEAN
c63efd61,CLEAN
c66bbe9d,CLEAN
c676b6e9,DMG
c6bd343a,CLEAN
c6d537e1,DMG
c6f3ac57,CLEAN
c75cb66a,CLEAN
c75d3f1f,CLEAN
c75de23d,CLEAN
c76b4057,CLEAN
c775788b,DMG
c78961d3,CLEAN
c7b96125,DMG
c7ce483f,CLEAN
c7e61682,CLEAN
c7f4f146,DMG
c837649c,CLEAN
c86a2932,CLEAN
c8bcad7f,DMG
c8c9cad7,CLEAN
c999d2c4,DMG
c9a5da07,CLEAN
ca0a3945,DMG
ca0cec7f,CLEAN
ca153fc4,DMG
caa1aedb,CLEAN
cb69775e,DMG
cba28b89,CLEAN
cba8d3a3,DMG
cbd02d97,CLEAN
cbf2f786,CLEAN
cbfad02f,DMG
cc6aed27,CLEAN
cc6bb91d,CLEAN
ccbcd0d6,CLEAN
ccc6742d,DMG
cd70bea0,CLEAN
cdad86ca,DMG
ce02d4b6,CLEAN
ce0d320a,DMG
ce7d916f,CLEAN
cebe3d9d,CLEAN
cef5838d,CLEAN
cf23dc33,DMG
cf3ff1a0,DMG
d029fa3a,CLEAN
d034a904,DMG
d0f45180,DMG
d11501b0,CLEAN
d15e7843,CLEAN
d18b29d8,CLEAN
d1c78c9a,CLEAN
d26eae87,CLEAN
d29d5370,CLEAN
d2e65533,CLEAN
d2f48367,CLEAN
d359f8b5,CLEAN
d3b913cd,CLEAN
d3fb4415,DMG
d40535ac,DMG
d40fbd13,CLEAN
d4679c61,CLEAN
d4735e3a,CLEAN
d48ff4b2,CLEAN
d4b9aead,CLEAN
d4e33e29,CLEAN
d4ee9f58,CLEAN
d536a8c1,CLEAN
d55a6ae3,DMG
d59a23c3,DMG
d59eced1,CLEAN
d5b14856,DMG
d6061bbe,CLEAN
d62a7b3d,CLEAN
d6420a4e,CLEAN
d6723fa9,CLEAN
d6a40317,CLEAN
d6d824ab,CLEAN
d6e5a20b,CLEAN
d6f0c71e,CLEAN
d7008e68,DMG
d72a11d2,CLEAN
d732f391,DMG
d74fe978,DMG
d7be6321,CLEAN
d7cdaa5c,CLEAN
d80eae6e,CLEAN
d818f221,DMG
d829857e,CLEAN
d83c7ee7,CLEAN
d86580a5,CLEAN
d874e4e4,CLEAN
d88c39de,DMG
d8b5e279,DMG
d8d17907,CLEAN
d8ed8ca2,DMG
d9a5223b,DMG
da26b77b,DMG
da2c575e,DMG
da4bb298,DMG
da4d43f2,CLEAN
da4ea2a5,CLEAN
da6813d1,CLEAN
da70dfa4,CLEAN
da9570a2,DMG
dac53c17,CLEAN
dae40fcf,CLEAN
db3defda,CLEAN
db55da3f,CLEAN
db9351a2,CLEAN
dbae772d,CLEAN
dbb1ded6,CLEAN
dcaadad1,CLEAN
dcb5d6e6,CLEAN
dccb3c52,CLEAN
dd49477b,DMG
dd8e8c8c,CLEAN
ddfe0e8d,CLEAN
de0023e3,CLEAN
de2d0a78,DMG
de3d43ca,DMG
de482c7e,CLEAN
de498b99,CLEAN
de5872c6,CLEAN
debc9681,CLEAN
deeeb5df,CLEAN
df156e84,CLEAN
df4011e6,DMG
df4865fc,DMG
df56bc06,CLEAN
dfcafae6,DMG
dfe62e83,CLEAN
dff17949,CLEAN
e078af30,CLEAN
e0850a77,CLEAN
e0d8014e,DMG
e0e3fcdf,CLEAN
e0f05da9,CLEAN
e133553e,CLEAN
e13b778a,CLEAN
e18037f4,DMG
e1bb74a7,CLEAN
e1d9ce80,DMG
e29c9c18,CLEAN
e2fa8f5b,CLEAN
e30919d4,DMG
e361ec1f,DMG
e39eef82,DMG
e3d6c4d4,CLEAN
e3e69eaf,DMG
e3f69597,CLEAN
e401f2bd,DMG
e40a3fa0,DMG
e4be97ce,CLEAN
e4c6a9f3,CLEAN
e4e54940,CLEAN
e52d0874,CLEAN
e56ae9ee,DMG
e5b861a6,CLEAN
e5ce886c,DMG
e629fa65,CLEAN
e66f404f,DMG
e6d3cee8,CLEAN
e6f095e9,CLEAN
e6f47e00,CLEAN
e6fcc025,CLEAN
e73cb135,CLEAN
e754478c,DMG
e7866fdc,CLEAN
e7d5f7be,DMG
e7f6c011,CLEAN
e7faa8b0,DMG
e8026bda,DMG
e81d47bc,DMG
e888a676,CLEAN
e8c5e943,DMG
e9ab39f0,DMG
e9ad42e2,CLEAN
e9ef91d2,DMG
ea415bf5,CLEAN
ea5b2755,CLEAN
ea80b523,DMG
eaa0689a,CLEAN
eaa19380,CLEAN
eab8ff11,DMG
eaf2067e,DMG
eaf89db7,CLEAN
eb0c9cdc,CLEAN
eb1e33e8,CLEAN
eb3be230,CLEAN
eb432726,DMG
eb624dbe,CLEAN
ec1c7d93,CLEAN
ec216fb2,DMG
ec2e990b,CLEAN
ecac903e,CLEAN
ed053874,DMG
ed07bf12,DMG
ed0b853b,CLEAN
ed6f2060,DMG
edbad80a,CLEAN
ee14860f,DMG
ee1a7173,CLEAN
ee377871,CLEAN
ee47968e,DMG
ee62de25,CLEAN
ee932b02,DMG
ee9d527a,CLEAN
eeafcf2e,DMG
eeca91fd,CLEAN
eed5fe88,DMG
eef79a6a,CLEAN
ef2d127d,CLEAN
ef32cc5c,DMG
efbd1f26,DMG
efd96aed,CLEAN
efe85649,DMG
efec9aaf,DMG
f00f2e7b,DMG
f0bc318f,CLEAN
f0cbba24,CLEAN
f0ccd8e7,CLEAN
f0d588a2,DMG
f10d342c,DMG
f10d91a7,CLEAN
f1250af9,DMG
f138665c,CLEAN
f15223dc,CLEAN
f1607c19,CLEAN
f1916530,CLEAN
f1de64ea,DMG
f24f1a64,CLEAN
f292c8c5,CLEAN
f2968678,DMG
f2adeac9,DMG
f32828ac,CLEAN
f343a80a,DMG
f3457dab,CLEAN
f369cb89,CLEAN
f391e014,CLEAN
f3e05591,DMG
f3fc4fc7,DMG
f4466a4b,CLEAN
f44b7809,CLEAN
f46733e1,DMG
f4785254,DMG
f48280c0,DMG
f4dd3013,CLEAN
f525eef4,DMG
f53f2fb9,CLEAN
f57b8252,CLEAN
f57e5cb1,CLEAN
f5ca38f7,CLEAN
f5efb6e0,DMG
f6103ca1,CLEAN
f626051b,CLEAN
f64ee82a,DMG
f64f4107,CLEAN
f6543e95,CLEAN
f65ccfbf,CLEAN
f6920d2e,DMG
f6e0a1e2,CLEAN
f747870a,CLEAN
f74efabe,CLEAN
f74fee33,DMG
f7961248,DMG
f79b8977,DMG
f7abf2a0,CLEAN
f7b856c0,CLEAN
f7c25996,CLEAN
f7d7736a,DMG
f8726da5,DMG
f8809aff,CLEAN
f8818b67,CLEAN
f89f8d0e,CLEAN
f8a5da21,DMG
f8b2f96e,DMG
f8b72910,DMG
f9735010,DMG
fa2b7af0,CLEAN
fa3cfb3f,DMG
fa4ddf29,CLEAN
fa7aec4e,CLEAN
fa88d374,CLEAN
fa9b1cc5,DMG
fabf5b7f,CLEAN
fadb19bf,CLEAN
fb335e8f,CLEAN
fb531620,DMG
fb7bab9e,DMG
fb84a973,CLEAN
fb8a0d2d,CLEAN
fbb2a73b,CLEAN
fbe10bee,CLEAN
fbe69742,CLEAN
fc091d39,CLEAN
fc47b34e,CLEAN
fc4fb94d,CLEAN
fc56dbc6,CLEAN
fc61dd3e,DMG
fc71f2d6,CLEAN
fc72c98a,CLEAN
fc95ce17,CLEAN
fc9e91cc,CLEAN
fce86e33,CLEAN
fcf1e4bf,CLEAN
fd0f7e53,CLEAN
fd53efd8,DMG
fd68fcf8,DMG
fddc599a,DMG
fde3f2e7,DMG
fe50b649,CLEAN
fe675fe7,DMG
fe91a760,DMG
fea8344c,DMG
fed88b40,CLEAN
ff108b68,CLEAN
ff2ccb6b,CLEAN
ff5a1ae0,CLEAN
ffa6059b,DMG
ffab5308,DMG
ffd560d1,CLEAN
